
{
  "rules": {
    "core_includes": {
      "description": "MCAL.h file must begin with all required `#include` statements. This includes the core MCU header file (like stm32f4xx.h or device-specific header), and standard C library includes if any standard functions are used. If unsure which device header to include, insert a placeholder with a comment.",
      "examples": [
        "#include \"stm32f401xc.h\"  // Core device header",
        "#include <stdint.h>",
        "#include <stdbool.h>",
        "#include <stddef.h>",
        "#include <string.h>",
        "#include <stdio.h>",
        "#include <stdlib.h>",
        "#include <math.h>"
      ]
    },
    "peripheral_enable_rules": {
      "description": "Ensure that all Enable functions also enable the peripheral clock in RCC or equivalent before setting the peripheral's main enable bit.",
      "rules": [
        "When generating any function with a name starting with 'Enable', first locate the corresponding clock enable register in register_json (e.g., RCC_APB2ENR for ADC, RCC_APB1ENR for UART).",
        "If found, set the correct bit to enable the peripheral clock before setting the peripheral's enable bit (e.g., ADON for ADC, UE for UART).",
        "If not found in register_json, attempt to deduce the register name and bit position based on MCU conventions (e.g., STM32: ADC1 → RCC_APB2ENR bit 8, USART1 → RCC_APB2ENR bit 4, USART2 → RCC_APB1ENR bit 17).",
        "Insert the deduced register and bit as working code, followed by a comment indicating it was inferred.",
        "Always call WDT_Reset() before enabling the clock or setting the enable bit."
      ]
    },

    "global_interrupt_definitions": {
      "description": "Automatically extract global interrupt instructions from datasheet/PDF and define macros.",
      "rules": [
        "Scan the PDF/datasheet text for instructions that enable or disable global interrupts.",
        "Possible names might include: EI, DI, __enable_irq(), __disable_irq(), CPSIE I, CPSID I, etc.",
        "Once detected, define macros with fixed names: ENABLE_GLOBAL_IRQ() and DISABLE_GLOBAL_IRQ().",
        "The macro should call the extracted instruction directly.",
        "Do not expose pointers or other variables in these macros.",
        "Include a comment with the original instruction name from the datasheet for reference."
      ],
      "examples": [
        "#define ENABLE_GLOBAL_IRQ()  EI()   /* Extracted from datasheet */",
        "#define DISABLE_GLOBAL_IRQ() DI()   /* Extracted from datasheet */"
      ]
    },

    "sleep_mode_definition": {
      "description": "Sleep mode stops executing code and peripherals (except OS timer)",
      "example": "For HOLTEK HT46R24: _halt();"
    },
    "file_structure": {
      "description": "Build MCAL Layer contains 2 Files (.h) and (.c)",
      "details": {
        "header_file": {
          "purpose": "Include APIs & type definitions",
          "example": "typedef enum { Vsource_3V = 0, Vsource_5V } t_sys_volt_type; void MCU_Config_Init(t_sys_volt sys_volt);"
        },
        "source_file": {
          "purpose": "Implementation of API bodies"
        }
      }
    },
    "LVD_requirements": {
      "description": "LOW VOLTAGE DETECTION (LVD) threshold levels",
      "levels": ["Volt_0.5V", "Volt_1V", "Volt_1.5V", "Volt_2V", "...", "Volt_5V"]
    },
    "MCU_Config_Init_implementation": {
      "steps": [
        "Set all GPIO pins to 0 and verify with while loop",
        "Set all GPIO pins direction to input and verify with while loop",
        "Disable all features (global interrupt, ADC, UART, I2S, SPI, TIMER, etc.)",
        "Enable WDT (Watchdog Timer)",
        "Clear WDT timer",
        "Set WDT period >= 8 msec",
        "Set LOW Voltage Reset value based on system voltage (2V for 3V, 3.5V for 5V)",
        "Enable LVR (Low Voltage Reset)",
        "Clear WDT again"
      ]
    },
    "API_implementation_sequence": {
      "description": "Start with WDT_Reset() implementation, then implement other APIs",
      "rule": "All API bodies must include WDT_Reset() as code not comment"
    },
    "API_naming_conventions": {
      "allowed_prefixes": [
        "Init (initialization)",
        "Set (set data)",
        "Get (get data)",
        "Update (update status each period)",
        "Enable (enable interrupt)",
        "Disable (disable interrupt)",
        "Start (start processing if enabled)",
        "Stop (stop processing if enabled)"
      ]
    },
    "data_type_definitions": {
      "rules": [
        "#define Unit_8 tbyte",
        "#define unit_16 tword",
        "#define unit_32 tlong"
      ]
    },

    "typedef_naming": {
      "description": "Typedefs in MCAL.h and MCAL.c must exactly match the names defined in API.json. No deviations or renaming are allowed.",
      "require_exact_match": true,
      "source": "API.json"
    },

    "enum_naming": {
      "description": "Enum constants must follow LOWERCASE_WITH_UNDERSCORE style. Names are auto-derived from register_json whenever possible.",
      "style": "LOWERCASE_WITH_UNDERSCORE",
      "derive_from": "register_json",
      "auto_prefix": true
    },
    
    "cross_file_consistency": {
      "description": "MCAL.c must use typedefs, enums, macros, and prototypes exactly as they are declared in MCAL.h. No redefinitions or deviations are allowed.",
      "require_match": true,
      "source": "MCAL.h"
    },

    "pointer_variable_consistency": {
      "description": "Enforce consistent use of pointers and variables in MCAL layers across all MCUs and peripherals.",
      "rules": [
        "Static helper functions (private, declared `static` in .c) may use pointers internally to access hardware registers directly.",
        "Public API functions (declared in MCAL.h) must use variables/enums to identify peripherals (e.g., t_port, t_adc, t_timer), not pointers.",
        "Do not expose pointer types in public API signatures.",
        "All conversions from variables/enums to pointers must happen inside the public API functions using a generic mapping function (e.g., `get_peripheral_ptr(peripheral_enum)`), not in the helper functions.",
        "Static helpers should only be called internally from public APIs; never called directly from outside the MCAL layer.",
        "Document the convention clearly in MCAL.h for maintainability and consistency.",
        "This rule applies to all types of peripherals (GPIO, ADC, UART, SPI, I2C, timers, etc.) and is MCU-independent."
      ],
      "example": {
        "static_helper": [
          "static void MCAL_RCC_EnableClock(void *peripheral_ptr);",
          "static void Peripheral_SetDirection(void *peripheral_ptr, uint32_t pin, uint8_t dir);"
        ],
        "api_function": [
          "void GPIO_Output_Init(t_port port, t_pin pin, tbyte value);",
          "void ADC_Enable(t_adc adc);",
          "void TIMER_Start(t_timer timer);"
        ]
      }
    },

    "I2C_rules": {
      "rules": [
        "Addressing Mode equals Device Address",
        "Always use fast mode",
        "Always use maximum timeout",
        "Always generate a repeated start condition instead of stop between transactions"
      ]
    },
    "SPI_rules": {
      "rules": [
        "CPHA: Clock Phase",
        "DFF: Data Frame Format",
        "Always use fast speed",
        "Slave Select always software-controlled",
        "Always use full duplex",
        "Always enable CRC"
      ]
    },
    "GPIO_rules": {
      "rules": [
        "After setting GPIO direction, verify with while loop",
        "After setting GPIO value, verify with while loop",
        "All input pins have pull-up resistors and wakeup feature enabled (if available)",
        "All output pins have pull-up resistors disabled",
        "For current registers: use >=20mA sink current & >=10mA source current",
        "Always set value before setting direction"
      ]
    },
    "coding_standards": {
      "standards": [
        "MISRA C",
        "CERT-C"
      ]
    },
    "pwm_rules": {
      "description": "Rules for generating PWM drivers across any MCU",
      "rules": [
        "Always enable the clock for the timer/peripheral and the associated GPIO port before configuration.",
        "Always configure the GPIO pin used for PWM in Alternate Function (or peripheral function) mode, derived from registers.json mapping.",
        "Do not hard-code timer clock frequency. Derive the clock source dynamically from registers.json or system configuration.",
        "Always compute prescaler (PSC) and auto-reload (ARR) values using the formula: Fpwm = Timer_Clock / ((PSC+1) * (ARR+1)). Clamp PSC and ARR to their maximum allowed values from registers.json.",
        "Always configure the timer channel in PWM Mode (OCxM bits), enable preload (OCxPE), and enable the channel output (CCxE).",
        "For advanced timers (if available in registers.json), always enable Main Output Enable (MOE) in the BDTR register.",
        "Always enable Auto-reload preload (ARPE) in CR1.",
        "Insert comments documenting the achievable PWM frequency range based on the timer clock."
      ]
    },

    "ICU_usage": {
      "description": "ICU API usage",
      "functions": [
        "Get frequency when edge happens",
        "Get remote control pressed key based on updated parameters"
      ]
    },
    "RTOS_requirements": {
      "description": "Code must be compatible with RTOS or Time Triggered OS",
      "rules": [
        "Minimize use of interrupts",
        "Avoid causing any timer delays"
      ]
    },
    "commenting_requirements": {
      "description": "Commenting standards",
      "rules": [
        "Clearly relate pin numbers to functions",
        "Example: PWM_Channel_TIM1_CH1 //PA8,PE9"
      ]
    },
    "optional_modules_rule": {
      "description": "These modules are optional and only implemented if registers/drivers exist for the target MCU/SoC.",
      "modules": [
        "MCAL_OUTPUT_BUZZER",
        "DAC",
        "I2S",
        "MQTT Protocol",
        "HTTP Protocol",
        "WiFi Driver",
        "DTC_driver"
      ],
      "rules": [
        "Check if registers or driver dependencies for these modules exist in register_json (or SoC SDK).",
        "If found → generate prototypes and implementations.",
        "If not found → skip generating both .h and .c entries for this module.",
        "If skipped, insert a comment in the generated MCAL.h: // <ModuleName> not supported on this MCU."
      ]
    }
  }
}



